our_code,supplier_code,description,pack_size_ea
1000TP011,,Tray PP 1200ml Clear,280
1042Z,,Box Dinner Paper White,400
1043Z,,Box Snack Paper White,500
15002*,,Plate Paper Side 17.75cm White 250pk R,"1,000"
172696,,Tray Pulp 4cup Bidvest Smart Choice,300
215T30PP,,Cup PP Cold 200ml Wine Clear 30pk,150
23002Z*,,Plate Paper FSC Dinner 23cm Huhtamaki 250pk,"1,000"
2350002*,,Plate Paper FSC  23cm Huhtamaki 50pk,400
280CP011,,Cntr PP  Round 340ml Clear,600
450CP911,,Cntr PP 450ml Clear Bulk,600
500CP011,,Cntr PP Round 550ml Clear,600
500CPFG011,,Cntr PP  550ml Freezer Grade Clear R,600
500TP011,,Tray PP Rectangle 670ml Clear,280
52888,,Cup Paper DPE FSC Tall FD 16oz Popeyes,"1,500"
52891,,Cup Paper DPE FSC FD 7oz Popeyes,"1,848"
530CP911,,Cntr PP 530ml Bulk Clear,600
651753522137,,Tray   FSC  #300 TMP10067 Popeyes R,"1,000"
651753561032,,Box FSC  9inch LA Kitchen 9774 Popeyes R,150
750TP011,,Tray PP Rectangle 960ml Clear,280
850CP011,,Cntr PP Round 880ml Clear,600
850CP911,,Cntr PP 880ml Clear Bulk,600
89474,,Lid  PP  Hot for 7oz and 16oz FC Popeyes,"1,000"
ABBB,,Box Burger Kraft FSC Board 105 x 105 x 85mm,250
ABHD,,Box FSC Hot Dog 208x70x75mm,200
ABSBL,,Box FSC Snack Large 205x107x77mm,200
ABSBR,,Box FSC Snack Regular 175x90x84mm,200
ABT2,,Tray FSC Paperboard #2 178x178x45,240
ABT3,,Tray  FSC Paperboard #3 180x134x45,300
ABT4,,Tray FSC Paperboard #4 152x225x45,250
BB20P,,Bowl Bamboo Future Friendly 20oz,200
BB24P,,Bowl Bamboo Future Friendly 24oz,200
BB30P,,Bowl Bamboo Future Friendly 30oz,200
BB32P,,Bowl Bamboo Future Friendly 32oz,200
BB40P,,Bowl Bamboo Future Friendly 40oz,200
BB553408CJ,,Cup Paper FSC Hot 4oz Black 50s R,"1,000"
BBLIDL,,Lid Flat PET 30/40oz Bamboo Bowl,200
BBLIDM,,Lid Flat PET 20/24/32oz Bamboo Bowl,200
BIOSWS225034,,Cup PLA FSC  SW (80dia) 225ml 6oz Love Nature,"1,000"
BIOSWS280034,,Cup PLA  FSC SW (80dia) 280ml 8oz Love Nature,"1,000"
BIOSWS300107,,Cup PLA  FSC SW (90dia) 300ml 8oz Luciano,"1,000"
BIOSWS335034,,Cup PLA  FSC SW (80dia) 335ml 10oz Love Nature,"1,000"
BIOSWS355034,,Cup PLA FSC SW (80dia) 355ml 12oz Love Nature,"1,000"
BIOSWS400104,,Cup PLA FSC  SW (90dia) 400ml 12oz Therapy,"1,000"
BIOSWS400107,,Cup PLA FSC SW (90dia) 400ml 12oz Luciano,"1,000"
BIOUNI-LID80,,Lid Domed PLA UniLid (80dia) Opaque,"1,000"
BIOUNI-LID90,,Lid Domed PLA UniLid (90dia) Opaque,"1,000"
C119PP500-011,,Cntr PP 500ml Clear,600
C119PP770-002,,Cntr PP 770ml Graduated Measure White,600
C119PP915-002,,Cntr PP Round 915ml White,600
C73PP135-011,,Cntr PP Round 135ml Clear,"1,000"
C73PP165-911,,Cntr PP 165ml Clear Bulk,"1,000"
C89PP200-911,,Ctnr PP 200ml Clear Bulk,"1,000"
C98PET215-002,,Cntr PET Round 215ml White,"1,000"
C98PET335-002,,Cntr PET Round 335ml White,"1,000"
C98PET335-011,,Cntr PET Round 335ml Clear,"1,000"
DISPENSER-EXTEND,,Dispenser Plastic Trans Extended,1
DISPENSER-STD,,Dispenser Plastic White Standard Lgth,1
DISP-SSTEEL,,Dispenser Stainless Steel For Sws/Dws,1
DPE24040,,Cup Paper FSC Cold 800ml Longest Drink in Town,500
DW555314A,,Cup Paper PEFC DW 285ml Black,500
DW555387NZ,,Cup Paper PEFC DW 285ml EP/PR Small 2016,600
DW555505,,Cup Paper PEFC  DW 285ml McCafe Sml 25,700
DW556314AUS,,Cup Paper Hot DW 400ml Black,500
DW556505,,Cup Paper PEFC DW 400ml McCafe Med 25,480
DW557505,,Cup Paper PEFC  DW 500ml McCafe Lge 25,408
DWS400099HC,,Cup Paper FSC DW 400ml Soup To Go R,500
DWS495004HC,,Cup Paper FSC Hot DW 495ml Black,300
FB405002,,Cup Portion Fibre FSC 63dia for McDs,300
FC12P,,Food Container Bamboo 12oz,500
FC16P,,Food Container Bamboo 16oz,500
FC24P,,Food Container Bamboo 24oz,500
FC6P,,Food Container Bamboo 6oz,"1,000"
FC8P,,Food Container Bamboo 8oz,"1,000"
FCPLALS,,Flat Lid PLA to fit 12/16/24oz,"1,000"
FCPLALXS,,Flat Lid PLA to fit 6/8oz,"1,000"
FCPLS,,Lid Bamboo to fit 12/16/24oz,500
FCPLXS,,Lid Bamboo to fit 6/8oz,500
FCT230034,,Tray Paper Medium Newsprint R,500
FCT271034Z,,Tray Paper Large Newsprint,300
FFCSIC03,,Ctnr Paper FSC 3oz 140ml 75dia Candy Stripe,"1,000"
FFCSIC05,,Ctnr Paper FSC 5oz 200ml 86dia Candy Stripe,"1,000"
FFCSIC08,,Ctnr Paper FSC 8oz 275ml 95dia Candy Stripe,"1,000"
FFNSLID-PF,,Lid Sugarcane Rectangle 500/650/750ml,400
FFNSTC1000,,Container Sugarcane Rectangle 1000ml R,400
FFNSTC500-PF,,Container Sugarcane Rectangle 500ml,400
FFNSTC650,,Container Sugarcane Rectangle 650ml R,400
FFNSTC750,,Container Sugarcane Rectangle 750ml R,400
FFPETLID,,Lid PET Rectangle for sugarcane 500/650/750ml ctnrs,400
GB251035,,Lid  PS Domed 285ml Black McD,"2,000"
GB251046J,,Lid PS  fits 4oz 115ml Black Cup,"1,000"
GB405002,,Lid Portion Fibre FSC  for 63dia cup McDs,300
GB690011,,Lid Flat RPET Cold Med/Lge 90mm,"2,000"
H100000,,Bowl Paper FSC 180mm Lily Fiesta 25pk,200
H100001,,Bowl Paper FSC 180mm Fiesta 50pk,200
H100002,,Bowl Paper FSC 180mm Fiesta 125pk,500
H100003,,Plate Paper FSC Snack 180mm Lily Fiesta 25pk,200
H100004,,Plate Paper FSC  Snack 180mm Fiesta 50pk,400
H100005,,Plate Paper FSC Snack 180mm Fiesta 250pk,"1,000"
H100006,,Plate Paper FSC  230mm Lily Fiesta 25pk,200
H100007,,Plate Paper FSC 230mm Fiesta 50pk,400
H100008,,Plate Paper FSC 230mm Fiesta 250pk,"1,000"
H100009,,Plate Paper FSC  Dinner 250mm Lily Fiesta 25pk,200
H100010,,Cup Paper FSC Cold 270ml Fiesta 50pk,"1,000"
H100012,,Cup Paper FSC Cold 495ml Fiesta 50pk R,"1,000"
H100068,,Cup PE FSC SW (80dia) 280ml 8oz Graduated Measure,"1,000"
H100073,,Cup Portion PS 2oz 60ml Clear 50pk,"1,000"
H100077,,Clamshell Paper Night and Day,500
H100093,,Bowl PP 2L White,120
H100095,,Ctnr PP 5L Black,75
H100096,,Lid PP 5L Black V4,150
H100099,,Lid  PS Domed UniLid (90dia) Black,"1,000"
H100124,,Ctnr PP 5L White,75
H100125,,Lid PP 5L White,150
H100126,,Cup DW PE FSC  (90dia) 400ml 12oz Te Huia,500
H100128,,Ctnr Paper FSC 140ml Patagonia,"1,000"
H100130,,Cup PLA FSC  SW (80dia) 225ml 6oz Espresso Studio,"1,000"
H100131,,Cup PLA FSC SW (80dia) 8oz Espresso Studio,"1,000"
H100132,,Cup PLA FSC SW (90dia) 400ml 12oz Espresso Studio,"1,000"
H100139,,Crowns for BK,500
H100148,,Ctnr Paper FSC 480ml EF NZN Cookies&Cream,500
H100150,,Ctnr Paper FSC 480ml EF NZN Mango,500
H100164,,Cup PLA FSC  SW 285ml Koru R,600
H100165,,Cup PLA FSC SW 400ml Koru R,"1,000"
H100176,,Food Container paper PLA  24oz  Graduated Measure,500
H100181,,Lid Flat PET 119dia  Clear,"1,000"
H100182,,Cup PLA FSC  SW 400ml The Strongest Drink in Town R,"1,000"
H100183,,Cup PLA FSC SW (80dia) 225ml 6oz Black,"1,000"
H100189,,Cup Portion PLA FSC 1oz Graduated Measure,"2,000"
H100191,,Ctnr Paper FSC 255ml Patagonia,"1,000"
H100192,,Cup PLA FSC DW (90dia) 300ml 8oz Tea & Kiosk,500
H100193,,Cup PLA FSC  DW (90dia) 400ml 12oz Tea & Kiosk,500
H100200,,Cup PLA FSC  SW (90dia) 300ml 8oz Industry Cafe,"1,000"
H100201,,Cup PLA FSC  SW (90dia) 400ml 12oz Industry Cafe,"1,000"
H100202,,Cup PLA FSC  SW (90dia) 500ml 16oz Industry Cafe,"1,000"
H100203,,Cup PLA FSC SW (86.5dia) 285ml Black,600
H100204,,Cup PLA FSC SW (86.5dia) 400ml Black,"1,000"
H100205,,Cup PLA FSC  SW (86.5dia) 485ml Black,450
H100206,,Cup PLA FSC DW (86.5dia) 285ml Black,500
H100207,,Cup PLA FSC DW (86.5dia) 400ml Black,500
H100208,,Cup PLA FSC DW (86.5dia) 485ml Black,300
H100209,,Cntr PP 171ml 74dia Clear,"2,500"
H100210,,Lid PET 74dia Clear,"2,500"
H100211,,Cup PLA FSC SW (80dia) 280ml 8oz Moore Wilson,"1,000"
H100216,,Cup Disp FSC SW (90dia) 300ml Kiwiana,"1,000"
H100217,,Cup Disp FSC  SW (90dia) 400ml Kiwiana,"1,000"
H100218,,Cup Disp FSC SW (90dia) 500ml Kiwiana,"1,000"
H100219,,Lid Domed Sugarcane UniLid (90dia),"1,000"
H100220,,Cup RPET Cold 520ml 96dia Wild Bean,"1,000"
H100221,,Lid Domed RPET 96dia Straw Slot,"1,000"
H100222,,Cup PLA FSC  SW (80dia) 8oz Fuel Espresso,"1,000"
H100223,,Cup PLA FSC SW (80dia) 12oz Fuel Espresso,"1,000"
H100226,,Ctnr Paper FSC Yoghurt 16oz/400g Raglan Plant Culture S,500
H100230,,Ctnr Paper FSC  Yoghurt 32oz/ 900g Raglan Plant Culture,500
H100237,,Ctnr Paper FSC Yoghurt 16oz/400g Raglan Food Co Vanilla,500
H100238,,Ctnr Paper FSC Yoghurt 16oz/400g Raglan Food Co Greek N,500
H100239,,Lid Paper FSC Stackable 97dia for 400g Raglan Food Co,500
H100246,,Cup PLA FSC  SW (80dia) 225ml 6oz Empire,"1,000"
H100247,,Cup PLA FSC SW (80dia) 280ml 8oz Empire,"1,000"
H100248,,Cup PLA FSC SW (90dia) 400ml 12oz Empire,"1,000"
H100250,,Cup Paper FSC Cold 7oz Bascik,"1,000"
H100251,,Food Container Paper 12oz Seoulmate,500
H100258,,Tray MF FSCR 2-Cup Carrier Gilmours,100
H100259,,Tray MF FSCR  4-Cup Carrier Gilmours,50
H100261,,Lid Flat PP 150mm 20/24/32oz PLA Bowl,200
H100262,,Lid Flat PP 115mm 12/16/24oz Bowl,"1,000"
H100263,,Cup Paper FSC  Cold 7oz Dispersion Home Compostable,"1,000"
H100264,,Flat Lid PP 90mm to fit 6/8oz Containers,"1,000"
H100266,,Cup Disp FSC SW (90dia) 300ml Kiwirail,"1,000"
H100267,,Cup Disp FSC SW (90dia) 400ml Kiwirail,"1,000"
H100268,,Cup Handle PLA FSC  SW (80dia) 285ml White,"1,000"
H100269,,Cup PE FSC Ripple (90dia) 8oz Ferg Baker R,500
H100270,,Cup PE FSC Ripple (90dia) 12oz Ferg Baker R,500
H100271,,Regular Fry Pod FSC Popeyes R,"1,200"
H100272,,Large Fry Pod FSC for Popeyes R,960
H100274,,Cup PLA FSC SW (86.5dia) 400ml The Grocer,"1,000"
H100275,,Bowl PLA Future Friendly Seoul Mate Black 32oz,200
H100280,,Ctnr Paper FSC Dispersion Ice-Cream 16oz/472ml Duck Isl,500
H100281,,Ctnr Paper FSC Dispersion Ice-Cream 16oz/472ml Duck Isl,500
H100282,,Ctnr Paper FSC  Dispersion Ice-Cream 16oz/472ml Duck Is,500
H100283,,Ctnr Paper FSC Dispersion Ice-Cream 16oz/472ml Duck Isl,500
H100284,,Ctnr Paper FSC  Dispersion Ice-Cream 16oz/472ml Duck Is,500
H100285,,Ctnr Paper FSC  Dispersion Ice-Cream 16oz/472ml Duck Is,500
H100286,,Ctnr Paper FSC Dispersion Ice-Cream 16oz/472ml Duck Isl,500
H100291,,Ctnr Paper FSC  Dispersion Ice-Cream 16oz/472ml Duck Is,500
H100293,,Ctnr Paper FSC Dispersion Ice-Cream 16oz/472ml Duck Isl,500
H100294,,Lid Paper FSC Std 97dia for 16oz/472ml Duck Island Ambr,500
H100295,,Lid Paper FSC  Std 97dia for 16oz/472ml Duck Island Boy,500
H100296,,Lid Paper FSC Std 97dia for 16oz/472ml Duck Island Milk,500
H100297,,Lid Paper FSC Std 97dia for 16oz/472ml Duck Island Coff,500
H100298,,Lid Paper FSC  Std 97dia for 16oz/472ml Duck Island Fai,500
H100299,,Lid Paper FSC Std 97dia for 16oz/472ml Duck Island Peca,500
H100300,,Lid Paper FSC Std 97dia for 16oz/472ml Duck Island Pepp,500
H100301,,Lid Paper FSC  Std 97dia for 16oz/472ml Duck Island Sal,500
H100305,,Lid Paper FSC Std 97dia for 16oz/472ml Duck Island Pean,500
H100306,,Lid Paper FSC Std 97dia for 16oz/472ml Duck Island Salt,500
H100308,,Lid Paper FSC Std 97dia for 16oz/472ml Duck Island Whit,500
H100309,,Ctnr Paper FSC Dispersion Ice-Cream 16oz/472ml Duck Isl,500
H100310,,Lid Paper FSC Std 97dia for 16oz/472ml Duck Island Choc,500
H100311,,Large Fry Pod Kraft for Burger Wisconsin R,"1,000"
H100322,,Cup PLA FSC  DW (86.5dia) 400ml Fairlie Bakehouse,500
H100323,,Cup Paper FSC Hot PLA SW 400ml Black Gilmours 25pk,500
H100324,,Cup Paper FSC Hot PLA SW 485ml Black Gilmours,375
H100327,,Lid Domed Sugarcane UniLid (80dia),"1,000"
H100330,,Box FSC Small LA Kitchen 9650 Popeyes R,450
H100331,,Box FSC 9inch LA Kitchen 9774 Popeyes R,150
H100332,,Cup Disp FSC SW (80dia) 280ml 8oz Dispatch,"1,000"
H100333,,Cup Disp FSC SW (80dia) 335ml 10oz Dispatch,"1,000"
H100334,,Cup Disp FSC SW (90dia) 400ml 12oz Dispatch,"1,000"
H100335,,Cup Disp FSC SW (80dia) 225ml 6oz C4,"1,000"
H100336,,Cup Disp FSC SW (80dia) 280ml 8oz C4,"1,000"
H100337,,Cup Disp FSC SW (80dia) 335ml 10oz C4,"1,000"
H100338,,Ctnr Paper FSC Dispersion Ice-Cream 16oz/473ml Grande C,500
H100339,,Ctnr Paper FSC  Dispersion Ice-Cream 16oz/473ml Grande,500
H100340,,Lid Paper FSC  Std 97dia for 16oz/470ml Grande Chocolat,500
H100341,,Lid Paper FSC Std 97dia for 16oz/470ml Grande Vanilla,500
H100342,,Cup rPET Cold 250ml 78dia Pour Line,"1,000"
H100344,,Cup Disp FSC SW (90dia) 400ml 12oz C4,"1,000"
H100346,,Bowl Sugarcane Future Friendly 150mm 50pk,400
H100347,,Plate Sugarcane Future Friendly 180mm 50pk,400
H100348,,Plate Sugarcane Future Friendly 230mm 50pk,400
H100349,,Ctnr Paper FSC  Dispersion Ice-Cream 16oz/472ml Duck Is,500
H100350,,Lid Paper FSC  Std 97dia for 16oz/472ml Duck Island Gen,500
H100351,,Ctnr Paper FSC Dispersion Ice-Cream 16oz/472ml Duck Isl,500
H100352,,Lid Paper FSC Std 97dia for 16oz/472ml Duck Island Vani,500
H100353,,Cup RPET Cold 420ml 96dia Plain,"1,000"
H100354,,Cup RPET Cold 520ml 96dia Plain,"1,000"
H100355,,Lid Flat RPET 96dia Straw Slot,"1,000"
H100356,,Bowl Sugarcane Gilmours 180mm 50pk,400
H100357,,Plate Sugarcane Gilmours 170mm 50pk,400
H100358,,Plate Sugarcane Gilmours 220mm 50pk,400
H100360,,Cup SW Disp FSC (90dia) 300ml 8oz Ninja Cafe,"1,000"
H100361,,Cup SW Disp FSC  (90dia) 400ml 12oz Ninja Cafe,"1,000"
H100362,,Cup SW Disp FSC  (90dia) 500ml 16oz Ninja Cafe,"1,000"
H100363,,Ctnr Paper FSC Dispersion Ice-Cream 16oz/460ml Little L,500
H100364,,Ctnr Paper FSC Dispersion Ice-Cream 16oz/460ml Little L,500
H100365,,Ctnr Paper FSC  Dispersion Ice-Cream 16oz/460ml Little,500
H100366,,Ctnr Paper FSC Dispersion Ice-Cream 16oz/460ml Little L,500
H100367,,Lid Paper FSC Std 97dia for 16oz/460ml Little Liberty A,500
H100368,,Lid Paper FSC Std 97dia for 16oz/460ml Little Liberty H,500
H100369,,Lid Paper FSC Std 97dia for 16oz/460ml Little Liberty M,500
H100370,,Lid Paper FSC Std 97dia for 16oz/460ml Little Liberty P,500
H100373,,Cup Paper FSC SW Hot McCafe 25 4oz,500
H100376,,Lid Paper FSC Stackable 97dia for 400g Raglan Plant Cul,500
H100379,,Lid Paper FSC  Stackable 117dia for 800g Raglan Plant C,500
H100382,,Ctnr Paper FSC  150g RFC Classic Vanilla Bean 25,"1,715"
H100384,,Ctnr Paper FSC 150g RFC Classic Natural 25 R,"1,715"
H100385,,Ctnr Paper FSC 150g RFC Gourmet Dulce de Leche 25,"1,715"
H100386,,Ctnr Paper FSC 150g RFC Gourmet Choc Brownie,"1,715"
H100387,,Cup RPET Cold 520ml 96dia Popeyes,"1,000"
H100388,,Lid Domed RPET 96dia ODL,"1,000"
H100390,,Cup Paper FSC  Hot Dispersion DW 86.5dia 285ml Patagoni,500
H100391,,Cup Paper FSC Hot Dispersion DW 86.5dia 400ml Patagonia,500
H100392,,Ctnr Paper FSC  Dispersion Ice-Cream 16oz/472ml Duck Is,500
H100393,,Ctnr Paper FSC Dispersion Ice-Cream 16oz/472ml Duck Isl,500
H100394,,Ctnr Paper FSC 150g RFC Tri Biotic Vanilla Bean 25 R,"1,715"
H100395,,Ctnr Paper FSC 150g RFC Tri Biotic Super Berries 25 R,"1,715"
H100397,,Lid Domed RPET 96dia,"1,000"
H100402,,Ctnr Paper FSC  PE 16oz 480ml Coles Belgian Chocolate,500
H100403,,Ctnr Paper FSC PE 16oz 480ml Coles Creme Brulee,500
H100404,,Ctnr Paper FSC PE 16oz 480ml Coles Strawberry Parfait,500
H100405,,Lid Paper FSC PE Stackable 97dia Coles Belgian Chocolat,500
H100406,,Lid Paper FSC PE Stackable 97dia Coles Creme Brulee,500
H100407,,Lid Paper FSC PE Stackable 97dia Coles Strawberry Parfa,500
H100408,,Ctnr Paper FSC Ice-cream 36oz/ 1000g WW Vanilla Bean,500
H100409,,Ctnr Paper FSC Ice-cream 36oz/ 1000g WW Triple Chocolat,500
H100410,,Lid Paper FSC PE Stackable 116dia for 1000g WW Vanilla,500
H100411,,Lid Paper FSC PE Stackable 116dia for 1000g WW Triple C,500
H100412,,Ctnr Paper FSC Yoghurt 16oz/400g Raglan Plant Culture S,500
H100413,,Ctnr Paper FSC  Yoghurt 16oz/400g Raglan Plant Culture,500
H100414,,Ctnr Paper FSC Yoghurt 32oz/ 800g Raglan Plant Culture,500
H100415,,Ctnr Paper FSC Yoghurt 32oz/800g Raglan Plant Culture S,500
H100417,,Box Paper FSC Noodle Round Kraft 16oz,500
H100418,,Box Paper FSC Noodle Round Kraft 26oz,500
H100419,,Lid PP  IML 530CP Generic Yoghurt black,840
H100420,,Ctnr Paper FSC 140ml 75dia Appleby Farms,"1,000"
H100421,,Ctnr Paper FSC Yoghurt 16oz/400g Raglan Gourmet Black D,500
H100422,,Ctnr Paper FSC Yoghurt 16oz/400g Raglan Gourmet Dulce d,500
H100423,,Ctnr Paper FSC Yoghurt 16oz/400g Raglan Gourmet Choc Br,500
H100424,,Lid Paper FSC Stackable 97dia for 400g Raglan Gourmet R,500
H100425,,Cup Paper PLA FSC Hot 4oz 120ml Black 50s,"1,000"
H100426,,Tray PP Rectangle 500ml Clear Gilmours,500
H100427,,Tray PP Rectangle 650ml Clear Gilmours,500
H100428,,Tray PP Rectangle 650ml 2-compartment  Clear Gilmours,500
H100430,,Tray PP Rectangle 1000ml Clear Gilmours,500
H100431,,Lid PP Rectangle Clear Gilmours,500
H100434,,Ctnr Paper FSC  150g RFC Kids Vanilla,"1,715"
H100436,,Ctnr Paper FSC 150g RFC Kids Mixed Berry R,"1,715"
H100437,,Ctnr Paper FSC  Dispersion Ice-cream 4oz 76x61x50 Lewis,"1,000"
H100438,,Cup Disp FSC SW (80dia) 280ml 8oz Darfield Bakery,"1,000"
H100440,,Ctnr Paper FSC 140ml 75dia Little Island,"1,000"
H100441,,Box FSC Snack Regular 175x90x84mm Night'n Day,200
H100442,,Cup Disp FSC SW (90dia) 300ml Event Cup,"1,000"
H100443,,Cup Disp FSC SW (90dia) 400ml Event Cup,"1,000"
H100445,,Ctnr Paper FSC  Dispersion Ice-Cream 16oz/472ml Duck Is,500
H100446,,Lid Paper FSC Std 97dia for 16oz/472ml Duck Island Appl,500
H100447,,Ctnr Paper FSC Dispersion Ice-Cream 16oz/472ml Duck Isl,500
H100448,,Lid Paper FSC  Std 97dia for 16oz/472ml Duck Island Pis,500
H100450,,Container Kraft FSC Dispersion Ice-cream 8oz,500
H100451,,Ctnr Kraft FSC Dispersion Ice-Cream 16oz,500
H100452,,Ctnr Kraft FSC  Dispersion Ice-cream  32oz,500
H100453,,Lid Std Kraft FSC Dispersion 90dia for 8oz cntr,500
H100454,,Lid Std Kraft FSC Dispersion 97dia for 16oz cntr,500
H100455,,Lid Std Kraft FSC Dispersion 117dia for 32oz cntr,500
H100467,,Lid Paper FSC PE Stackable 97dia NZN Cookies&Cream,500
H100468,,Lid Paper FSC PE Stackable 97dia NZN Strawberry Surpris,500
H100472,,Ctnr Paper FSC Dispersion 16oz/472ml Kiwi Sorbet Green,500
H100473,,Ctnr Paper FSC Dispersion 16oz/472ml Kiwi Sorbet Gold,500
H100474,,Ctnr Paper FSC Dispersion 16oz/472ml Kiwi Sorbet Red,500
H100475,,Lid Paper FSC Std 97dia for 16oz/472ml Kiwi Sorbet Gree,500
H100476,,Lid Paper FSC Std 97dia for 16oz/472ml Kiwi Sorbet Gold,500
H100477,,Lid Paper FSC Std 97dia for 16oz/472ml Kiwi Sorbet Red,500
H100481,,Cup RPet Cold 295ml Clear,"1,000"
H100482,,Cup RPET Cold 430ml Clear,"1,000"
H100483,,Cup RPET Cold 530ml Clear,"1,000"
H100484,,Lid Domed RPET fits 295ml Cup,"1,000"
H100485,,Lid Flat RPET fits 430/ 530ml Cup,"1,000"
H100486,,Lid Domed RPET fits 430ml/530ml cups,"1,000"
H100489,,Ctnr Paper FSC Disp 4oz 68dia Kiwi Sorbet Green,"1,000"
H100490,,Ctnr Paper FSC Disp 4oz 68dia Kiwi Sorbet Gold,"1,000"
H100491,,Ctnr Paper FSC Disp 4oz 68dia Kiwi Sorbet Red,"1,000"
H100494,,Lid Paper w/spoon FSC Std Disp 4oz 68dia Kiwi Sorbet Re,"1,000"
H100495,,Box Paper Home Compostable Snack White,500
H100496,,Box Paper Home Compostable Dinner White,400
H100497,,"Box FSC Pizza White/Kraft 9"" 229x229x42",100
H100498,,"Box FSC Pizza White/Kraft 12"" 305x305x42",100
H100499,,"Box FSC Pizza White/Kraft 15"" 381x381x42",50
H100500,,Cup RPET Cold 530ml LDIT,"1,000"
H100501,,Box FSC Paper Home Compostable Cake 5x5x3 White,200
H100502,,Box FSC Paper Home Compostable Cake 7x7x4 White,200
H100503,,Box FSC Paper Home Compostable Cake 9x9x4 White,200
H100504,,Box FSC Paper Home Compostable Cake 11x11x4 White,100
H100507,,Cup PLA FSC SW (80dia) 225ml 6oz Authenticity,"1,000"
H100508,,Cup PLA FSC SW (80dia) 280ml 8oz Authenticity,"1,000"
H100509,,Cup SW PLA FSC (90dia) 400ml 12oz Authenticity,"1,000"
H100510,,Cup Paper FSC Disp DW 285ml Patagonia,500
H100511,,Cup Paper FSC Disp DW 400ml Patagonia,500
KCB-L,,Box Kraft Large 558 x 252 x 80mm,50
KCBLID-L,,Lid Kraft Large 564 x 255 x 30mm,50
KCBLID-M,,Lid Kraft Medium 364 x 255 x 30mm,100
KCBLID-S,,Lid Kraft Small 229 x 228 x 30mm,100
KCBLID-XL,,Lid Kraft Extra Large 455 x 313 x 30mm,50
KCBLID-XS,,Lid Kraft Extra Small 258 x 155 x 30mm,100
KCB-M,,Box Kraft Medium 359 x 252 x 80mm,100
KCB-S,,Box Kraft Small 225 x 225 x 60mm,100
KCB-XL,,Box Kraft Xtra-Large 450 x 310 x 80mm,50
KCB-XS,,Box Kraft Extra Small 255 x 152 x 80mm,100
KPSW,,Bamboo Future Friendly Sandwich Wedge,500
KSCPLWL,,Bamboo Future Friendly Large Salad Container,200
KSCPLWM,,Medium Bamboo Salad Container,200
KSCPLWS,,Bamboo Future Friendly Small Salad Container,200
LCP011,,Lid PP  For CP Chefs Reusable Container Range,600
LDPET-290,,Lid Domed PET fits 290ml Cup R,"1,000"
LDPET-420-510,,"Lid Domed PET fits 420ml/510ml/630ml cups ""OBS""","1,000"
LDPET-420-510-ODL,,Lid PET Domed 420ml 510ml oversized diameter R,"1,500"
LF119PP-011,,Lid Flat PP 119dia Clear R,"1,008"
LF24PET,,PET Straw Slot Lid for DPE/DPLA24,"1,000"
LF75PET-011,,Lid PET for Hospital Cup,"3,000"
LF89PET-911,,Lid Flat PET dia89 Clear Bulk fits C89 Container,"1,000"
LF98PET-011,,Lid Flat PET 98dia Clear fits C98 Container,"1,000"
LFP44PET-011,,Lid Flat Portion PET 44dia Clear,"5,000"
LFP65PET,,Lid Flat Portion PET 65dia Clear,"2,000"
LH4PP-011,,Lid PP Hospital Ins/Mug Clear,"2,000"
LH5PP-011,,Lid PP Round fits Hosp Bowl Clear,"1,000"
LTP011,,Lid PP For TP Chefs Reusable Container Range,210
MF4CT,,Tray MF 4Cup Carrier Unperforated 75pk,300
P1001011L,,Cup Portion PP 26ml Clear with Lid,"2,000"
P150-002,,Plate Paper FSC Snack 150mm Huhtamaki 250pk,"1,000"
P44PP20-011,,Cup Portion PP 20ml Clear,"5,000"
P44PP35-011,,Cup Portion PP 35ml Graduated Clear,"5,000"
P65PET60-011,,Cup Portion PET 60ml Clear,"2,000"
PALLET-CHEP,,Chep Pallets,1
PALLET-PLAIN,,Pallets - Plain,1
PCS002,,Straw Paper FSC Cocktail 5.5mm White 250pk,"10,000"
PCS004,,Straw Paper FSC Cocktail 5.5mm Black 250pk,"10,000"
PET290,,"Cup Pet Cold 290ml Clear ""OBS""","1,000"
PET420-003,,Cup PET Cold 420ml Gilmours 25pk,"1,000"
PET510,,Cup PET Cold 510ml Clear R,"1,000"
PET630,,Cup PET Cold 630ml Clear R,600
PFS002,,Straw Paper FSC Flexi 6mm White 250pk,"5,000"
PFS004,,Straw Paper FSC Flexi 6mm Black 250pk,"5,000"
PS007,,Straw Paper FSC Mixed 6mm x 195mm 250pk,"5,000"
PSS002,,Straw Paper FSC Smoothie 10mm White 250pk,"5,000"
PSS004,,Straw Paper FSC Smoothie 10mm Black 250pk,"5,000"
SC02LB,,Lid SC to fit 2oz SC Portion Cup R,"2,000"
SC02LB-PF,,Lid SC to fit 2oz SC Portion Cup,"2,000"
SC02LP,,Lid PET to fit 2oz SC Portion Cup,"2,000"
SC04LP,,Lid PET to fit 4oz SC Portion Cup,"2,000"
SC10CRND-PF,,Plate Round Sugarcane Future Friendly 10inch 3 Comp,500
SC10SQR-PF,,Plate Square Sugarcane Future Friendly 10x10inch,500
SC10X5SQR-PF,,Plate Rectangle Sugarcane Future Friendly 10x5inch,500
SC12.5OVL-PF,,Plate Oval Sugarcane Future Friendly 12.5x10inch,500
SC12DLID,,Dome Lid PET 12oz Top Hat,"1,000"
SC12RBWL-PF,,Bowl Round Sugarcane Future Friendly 12oz 350ml,"1,000"
SC18DLID,,Dome Lid PET 18oz Top Hat,200
SC18OLID,,Dome Lid PET 18oz Burrito,300
SC18RBWL-PF,,Bowl Round Sugarcane Future Friendly 18oz 500ml,600
SC24OBWL-PF,,Bowl Oval Sugarcane Future Friendly 24oz,300
SC24OLID,,Dome Lid PET  24oz Burrito,300
SC32RBWL,,Bowl Round Sugarcane Future Friendly 32oz 950ml R,400
SC6RND-PF,,Plate Round Sugarcane Future Friendly 6inch,"1,000"
SC6SQR-PF,,Plate Square Sugarcane Future Friendly 6inch,500
SC8SQR-PF,,Plate Square Sugarcane Future Friendly 8 inch,500
SC9CRND-PF,,Plate Round Sugarcane Future Friendly 9inch 3 Compartme,500
SC9RND-PF,,Plate Round Sugarcane Future Friendly 9 inch R,500
SCC1,,Box Burger Future Friendly 480ml Cream R,500
SCC17-PF,,Clamshell Sml Dinner Sugarcane Future Friendly 8x 8inch,200
SCC2-PF,,Clamshell Box Divided Bioware 1000ml Cream,300
SCC4-PF,,Clamshell Snack Sugarcane Future Friendly 9x6inch,200
SCC5,,Clamshell 3 compartment Small Dinner Sugarcane 8x 8inch,200
SCC5L-PF,,Clamshell Lrg Dinner Sugarcane 9x9inch 3 Comp,200
SCSC02-PF,,Cup Portion Sugarcane 50ml/2oz 62x32mm,"2,000"
SCSC04,,Cup Portion Sugarcane 113ml/4oz 75x48mm R,"2,000"
SRL16/22,,Lid   PS   SRL 16/22oz Translucent,"2,000"
SW440019,,Paper FSC Hot Chip Cup 440ml Newsprint,"1,000"
SW8002,,Cup Paper FSC  Hot 8oz White,"1,000"
SWS495004HC,,Cup Paper FSC  Hot SW 495ml Black R,450
T72PP170-002,,Cup PP Cold 170ml White,"1,000"
T72PP230-002,,Cup PP Cold 230ml White,"1,000"
TCR1000,,Tray PP Rectangle 1000ml Clear,500
TCR500,,Tray PP Rectangle 500ml Clear,500
TCR650,,Tray PP Rectangle 650ml Clear,500
TCR750,,Tray PP Rectangle 750ml Clear,500
TCRLID,,Lid PP Rectangle Clear,500
TDP25,,Tray MF 4Cup Carrier Perforated 25pk,300
TDP25-2C,,Tray MF 2Cup Carrier 25pk,300
TFLID-MF,,Lid Domed Sugarcane UniLid (86.5dia),"1,000"
UNI-LID-002,,Lid PS  Domed UniLid White,"1,000"
UNI-LID-004,,Lid  PS  Domed UniLid Black,"1,000"
UNI-LID-BLACKMCD,,Lid PS Domed Black 3-In-1 For McDonalds,"2,000"
WCFRK,,Fork Wooden FSC  160mm 100pk,"1,000"
WCFRKC,,Fork Wooden FSC Coated 160mm 100pk R,"1,000"
WCFRKIW,,Fork Wooden FSC 160mm Individually Wrapped,500
WCKNF,,Knife Wooden FSC  160mm 100pk,"1,000"
WCKNFC,,Knife Wooden FSC Coated 160mm 100pk R,"1,000"
WCSPK,,Spork Wooden FSC 160mm 100pk,"1,000"
WCSPN,,Spoon Wooden FSC 160mm 100pk,"1,000"
WCSPNIW,,Spoon Wooden FSC 160mm Individually Wrapped,500
WCTSPN,,Teaspoon Wooden FSC  100mm 100pk,"1,000"
WCTSPNC,,Teaspoon Wooden FSC Coated 100mm 100pk R,"1,000"
